id_curso;nombre;tipo;creditos;id_ciclo;t_aprobacion
201001;ALGORÍTMICA I;O;4;2;0.7408406162211733
201003;CALCULO I;O;4;2;1.0
201004;MATEMÁTICA BÁSICA I;O;4;2;0.7408406162211733
201007;COMPUTACIÓN E INFORMÁTICA;O;4;2;0.7408406162211733
201008;TEORIA DE SISTEMAS;O;3;2;0.7408406162211733
201009;TALLER DE TECNICAS DE ESTUDIO;O;3;2;0.7408406162211733
202001;ALGORÍTMICA II;O;4;3;0.2
202003;CÁLCULO II;O;4;3;0.4
202004;MATEMÁTICA BÁSICA II;O;4;3;0.5
202007;FISICA GENERAL;O;4;3;0.75
202008;ESTRUCTURA DE DATOS;O;4;3;0.2
202009;ECONOMIA;O;2;3;0.7408406162211733
203001;ALGORÍTMICA III;O;4;4;0.6666666666666666
203004;MATEMÁTICA DISCRETA;O;4;4;0.3333333333333333
203005;ESTADÍSTICA I;O;4;4;0.42857142857142855
203006;DISEÑO GRÁFICO;O;3;4;0.7408406162211733
203007;ELECTROMAGNETISMO;O;3;4;0.3333333333333333
203008;ORGANIZACIÓN Y ADMINISTRACIÓN;O;3;4;1.0
204001;TÉCNICAS DE MODELAMIENTO;O;4;5;0.8333333333333334
204002;COMPUTACIÓN GRÁFICA;O;4;5;0.8
204004;ECUACIONES DIFERENCIALES;O;4;5;0.36363636363636365
204006;ESTADISTICA II;O;4;5;0.7408406162211733
204007;CIRCUITOS DIGITALES;O;4;5;0.7408406162211733
204008;CONTABILIDAD GENERAL;O;2;5;1.0
205001;BASE DE DATOS;O;4;6;0.21428571428571427
205006;MÉTODOS NUMÉRICOS;O;3;6;0.38461538461538464
205007;INVESTIGACIÓN OPERATIVA I;O;4;6;0.4166666666666667
205008;SISTEMAS DIGITALES;O;4;6;0.6666666666666666
205009;LENGUAJES Y TRADUCTORES;O;3;6;0.05
205010;CONTABILIDAD GERENCIAL;O;3;6;0.3333333333333333
206001;SISTEMAS OPERATIVOS;O;4;7;0.6428571428571429
206007;ANÁLISIS DE SISTEMAS;O;4;7;0.5625
206008;INVESTIGACIÓN OPERATIVA II;O;4;7;0.3333333333333333
206009;TRANSMISIÓN DE DATOS;O;4;7;0.35714285714285715
206010;ARQUITECTURA DE COMPUTADORAS;O;4;7;0.55
206011;TALLER DE PROYECTOS I;O;3;7;0.4444444444444444
207002;REDES DE COMPUTADORAS;O;4;8;0.5882352941176471
207003;DISEÑO DE SISTEMAS;O;4;8;0.4166666666666667
207007;DISEÑO DE INTERFACE DE USUARIO;O;3;8;0.7142857142857143
207008;INTELIGENCIA ARTIFICIAL;O;4;8;0.7272727272727273
207009;MODELOS Y SIMULACIÓN;O;4;8;0.7692307692307693
207010;INGENIERÍA ECONÓMICA;O;3;8;0.8181818181818182
208001;INGENIERIA DE INFORMACION;O;4;9;0.8148148148148148
208003;SISTEMAS DISTRIBUIDOS;O;4;9;0.6571428571428571
208007;INGENIERÍA DE SOFTWARE;O;4;9;0.9130434782608695
208008;METODOLOGÍA PARA LA ELABORACIÓN DE TESIS;O;2;9;0.4647887323943662
208009;TALLER DE PROYECTOS II;O;3;9;0.8166666666666667
208010;INGENIERÍA DE CONTROL;O;4;9;0.7647058823529411
209001M;AUDITORÍA Y SEGURIDAD EN INFORMÁTICA;O;3;10;0.7408406162211733
209003;INGENIERIA DE NEGOCIOS;O;2;10;0.95
209005M;MARKETING;O;2;10;0.7408406162211733
209006;DERECHO INFORMÁTICO;O;2;10;0.8490566037735849
209007;PROYECTO DE TESIS I;O;3;10;0.5921052631578947
209008;FORMULACIÓN Y EVALUACIÓN DE PROYECTOS;O;3;10;0.7894736842105263
201101;GERENCIA INFORMÁTICA;O;3;11;0.7638888888888888
201103;TENDENCIAS TECNOLÓGICAS;O;3;11;0.8936170212765957
201104;GESTION DE PROYECTOS INFORMATICOS;O;3;11;0.9032258064516129
201105;PROYECTO DE TESIS II;O;3;11;0.6272727272727273
201106;SEMINARIO DE LA REALIDAD PERUANA;O;2;11;0.9032258064516129
201203M;DATAWAREHOUSE;E;2;1;0.7408406162211733
201204;SISTEMAS INTELIGENTES;E;2;1;0.4
201205;COMERCIO ELECTRÓNICO;E;3;1;0.6470588235294118
201206;REDES NEURONALES;E;2;1;0.42857142857142855
201207;GESTIÓN DEL CONOCIMIENTO;E;2;1;0.7777777777777778
201208;LIDERAZGO EMPRESARIAL;E;2;1;1.0
201209;ROBÓTICA;E;2;1;0.7408406162211733
201210;DISEÑO DE UNA ARQUITECTURA WEB;E;2;1;0.5714285714285714
201211;PLANEAMIENTO DE RECURSOS EMPRESARIALES;E;2;1;0.6451612903225806
2010101;TEORIA GENERAL DE SISTEMAS;O;3;13;1.0
2010102;COMUNICACIÓN Y DINAMICA GRUPO;O;2;13;1.0
2010103;INTRODUCCIÓN A LA COMPUTACIÓN;O;4;13;1.0
2010104;CÁLCULO I;O;4;13;0.6666666666666666
2010105;MATEMÁTICA BÁSICA I;O;4;13;1.0
2010106;ETICA DE LA PROFESION;O;2;13;1.0
2010107;ESTRATEGIAS DE APRENDIZAJE E INVESTIGACIÓN;O;2;13;1.0
2010201;ECONOMIA;O;2;14;0.875
2010202;CREATIVIDAD Y LIDERAZGO;O;2;14;1.0
2010203;ALGORITMICA I;O;4;14;0.5357142857142857
2010204;CÁLCULO II;O;4;14;0.3333333333333333
2010205;FISICA GENERAL I;O;4;14;0.45714285714285713
2010206;MATEMATICA BASICA II;O;4;14;0.72
2010207;REALIDAD NACIONAL;O;2;14;0.8461538461538461
2010301;ORGANIZACIÓN Y ADMINISTRACIÓN;O;2;15;0.7083333333333334
2010302;ALGORÍTMICA II;O;4;15;0.3230769230769231
2010303;CÁLCULO III;O;4;15;0.4782608695652174
2010304;PROBABILIDADES Y ESTADÍSTICA;O;4;15;0.55
2010305;FISICA GENERAL II;O;4;15;0.5070422535211268
2010306;MATEMÁTICA DISCRETA;O;4;15;0.8591549295774648
2010401;PROCESOS DE NEGOCIOS;O;4;16;0.6744186046511628
2010402;ESTRUCTURA DE DATOS;O;4;16;0.6842105263157895
2010403;CONTABILIDAD GENERAL;O;2;16;0.8947368421052632
2010404;SERIES Y ECUACIONES DIFERENCIALES;O;3;16;0.7281553398058253
2010405;LENGUAJES Y COMPILADORES;O;3;16;0.3135593220338983
2010406;SISTEMAS DIGITALES;O;4;16;0.8823529411764706
2010501;ANÁLISIS DE SISTEMAS DE INFORMACIÓN;O;3;17;0.7910447761194029
2010502;BASE DE DATOS I;O;4;17;0.7298578199052133
2010503;INGENIERÍA ECONÓMICA;O;2;17;0.8702928870292888
2010504;MÉTODOS NUMERICOS;O;3;17;0.7211538461538461
2010505;ALGORÍTMICA III;O;3;17;0.8315217391304348
2010506;ARQUITECTURA DE COMPUTADORAS;O;3;17;0.8285714285714286
2010507;SISTEMAS OPERATIVOS;O;3;17;0.8238993710691824
2010601;DISEÑO DE SISTEMAS DE INFORMACIÓN;O;3;18;0.6918604651162791
2010602;BASE DE DATOS II;O;3;18;0.9112903225806451
2010603;GESTIÓN DE LOS PROCESOS DE NEGOCIOS;O;3;18;0.8823529411764706
2010604;COMPUTACIÓN VISUAL;O;3;18;0.9215686274509803
2010605;INTELIGENCIA ARTIFICIAL;O;3;18;0.8541666666666666
2010606;REDES Y TRANSMISIÓN DE DATOS;O;3;18;0.7755102040816326
2010607;INVESTIGACIÓN OPERATIVA I;O;3;18;0.5963302752293578
2010701;INTERFACE HOMBRE COMPUTADOR;O;3;19;0.9253731343283582
2010702;PATRONES DE CONSTRUCCIÓN DE SISTEMAS;O;2;19;0.9354838709677419
2010703;FINANZAS PARA LA GESTIÓN;O;2;19;0.888268156424581
2010704;BASE DE DATOS III;O;3;19;0.943089430894309
2010705;INFRAESTRUCTURA Y SEGURIDAD EN REDES;O;3;19;0.9295774647887324
2010706;PROGRAMACIÓN PARALELA;O;3;19;0.7191011235955056
2010707;INVESTIGACIÓN OPERATIVA II;O;3;19;0.6033057851239669
2010801;COMPUTACIÓN FÍSICA;O;3;20;0.9748427672955975
2010802;PROYECTO DE TESIS;O;3;20;0.7515151515151515
2010803;GESTION DE SEGURIDAD Y RIESGO DE TECNOLOGIA DE INFORMACIÓN;O;3;20;0.9870967741935484
2010804;GERENCIA DE PROYECTOS DE INFORMACIÓN;O;3;20;0.9788732394366197
2010805;ADQUISICIÓN, ADMINISTRACIÓN Y ESTRATÉGIA DE SISTEMAS DE INFORMACIÓN;O;3;20;0.8972602739726028
2010806;"TALLER DE CONSTRUCCIÓN DE
SISTEMAS";O;3;20;0.9609375
2010807;MARKETING;O;2;20;0.9779411764705882
2010901;DESARROLLO DE TESIS I;O;3;21;0.9166666666666666
2010902;SISTEMAS DISTRIBUIDOS;O;3;21;0.8035714285714286
2010903;DERECHO INFORMÁTICO;O;2;21;0.9586776859504132
2010904;AUDITORIA Y CONTROL DE TECNOLOGÍA DE INFORMATICA;O;3;21;0.9791666666666666
2010905;CALIDAD Y PRUEBA DE SOFTWARE;O;3;21;0.9473684210526315
2010906;ARQUITECTURA EMPRESARIAL;O;3;21;0.9919354838709677
2011001;DESARROLLO DE TESIS II;O;3;22;0.7846153846153846
2011002;INTEGRACIÓN DE SISTEMAS;O;3;22;0.88
2011003;SISTEMAS EMPRESARIALES;O;3;22;0.99
2011004;DESARROLLO DE APLICACIONES DISTRIBUIDAS;O;2;22;1.0
2011005;GERENCIA INFORMÁTICA;O;3;22;0.9669421487603306
2011006;TENDENCIAS EN SISTEMAS DE INFORMACIÓN;O;2;22;0.9504950495049505
2011101;REDES NEURONALES;E;3;12;0.7777777777777778
2011102;APLICACIÓN DE ARQUITECTURA EMPRESARIAL;E;3;12;0.9565217391304348
2011103;INGENIERÍA DE CONTROL;E;3;12;0.8461538461538461
2011104;INGENIERÍA WEB;E;3;12;0.868421052631579
2011105;GESTIÓN DEL CONOCIMIENTO;E;3;12;0.92
2011106;NEGOCIOS ELECTRÓNICOS;E;3;12;0.8611111111111112
2011107;SISTEMAS DE INFORMACIÓN GEOGRÁFICOS;E;3;12;0.7408406162211733
2011108;INTELIGENCIA DE NEGOCIOS;E;3;12;1.0
2011109;ROBÓTICA;E;3;12;0.7408406162211733
2011110;SISTEMAS INTELIGENTES;E;3;12;0.7307692307692307
2011112;DANZAS I;A;1;12;1.0
2011113;TEATRO I;A;1;12;0.9629629629629629
2011114;MÚSICA I;A;1;12;0.7408406162211733
2011115;ORATORIA I;A;1;12;0.7714285714285715
2011116;DEPORTE Y RECREACIÓN I;A;1;12;0.9166666666666666
2011117;DANZAS II;A;1;12;0.7408406162211733
2011118;TEATRO II;A;1;12;0.7408406162211733
2011119;MÚSICA II;A;1;12;0.7408406162211733
2011120;ORATORIA II;A;1;12;0.9230769230769231
2011121;DEPORTE Y RECREACIÓN II;A;1;12;1.0
INE001;PROCESO CULTURAL ANDINO;E;2;23;0.7408406162211733
INE002;PROGRAMACIÓN Y COMPUTACIÓN;E;2;23;0.7408406162211733
INE003;DIBUJO TÉCNICO;E;2;23;0.7408406162211733
INE004;INGLÉS PARA ESCRITURA ACADÉMICA;E;2;23;0.7408406162211733
INE005;MATLAB;E;2;23;0.7408406162211733
INE006;CÁLCULOS BÁSICOS EN QUÍMICA;E;2;23;0.7408406162211733
INE007;SEGURIDAD E HIGIENE EN LABORATORIO;E;2;23;0.7408406162211733
INE008;FUNDAMENTOS DE RIESGOS DE DESASTRES Y CAMBIO CLIMÁTICO;E;2;23;0.7408406162211733
INE009;GEOGRAFIA ECONÓMICA DEL PERÚ;E;2;23;0.7408406162211733
INE010;CIUDADANÍA Y DERECHOS FUNDAMENTALES;E;2;23;0.7408406162211733
INE011;TALLER DE ELECTRICIDAD Y ELECTRONICA;E;2;23;0.7408406162211733
INE012;ECONOMIA GENERAL;E;2;23;0.7408406162211733
INE013;EMPRENDIMIENTO E INNOVACIÓN;E;2;23;0.7408406162211733
INE014;TALLER DE MÚSICA;E;2;23;0.7408406162211733
INE015;TALLER DE DANZA;E;2;23;0.7408406162211733
INE016;APRECIACIÓN DE CINE;E;2;23;0.7408406162211733
INE017;QUECHUA;E;2;23;0.7408406162211733
INO101;REDACCIÓN Y TÉCNICAS DE COMUNICACIÓN EFECTIVA I;O;3;23;0.7408406162211733
INO102;MÉTODOS DE ESTUDIO UNIVERSITARIO;O;2;23;0.7408406162211733
INO103;DESARROLLO PERSONAL Y LIDERAZGO;O;2;23;0.7408406162211733
INO104;CÁLCULO I;O;4;23;0.7408406162211733
INO105;BIOLOGÍA PARA CIENCIAS E INGENIERÍA;O;4;23;0.7408406162211733
INO106;ÁLGEBRA Y GEOMETRÍA ANALÍTICA;O;4;23;0.7408406162211733
INO107;MEDIO AMBIENTE Y DESARROLLO SOSTENIBLE;O;3;23;0.7408406162211733
INO201;REDACCIÓN Y TÉCNICAS DE COMUNICACIÓN EFECTIVA II;O;3;24;0.7408406162211733
INO202;INVESTIGACIÓN FORMATIVA;O;3;24;0.7408406162211733
INO203;REALIDAD NACIONAL Y MUNDIAL;O;2;24;0.7408406162211733
INO204;CÁLCULO II;O;4;24;0.7408406162211733
INO205;FÍSICA I;O;4;24;0.7408406162211733
INO206;QUÍMICA GENERAL;O;4;24;0.7408406162211733
INO207;INTRODUCCIÓN A LAS CIENCIAS E INGENIERÍA;O;2;24;0.7408406162211733
20118031;PROGRAMACIÓN Y FUNDAMENTOS DE ALGORITMICA;O;4;25;0.5203619909502263
20118032;TEORÍA GENERAL DE SISTEMAS;O;3;25;0.7877094972067039
20118033;ORGANIZACIÓN Y ADMINISTRACIÓN;O;3;25;0.8448275862068966
20118034;INGENIERÍA ECONOMICA;O;3;25;0.7526315789473684
20118035;ESTADISTICA;O;3;25;0.8070175438596491
20118036;SERIES Y ECUACIONES DIFERENCIALES;O;3;25;0.5743589743589743
20118037;MATEMÁTICAS DISCRETAS;O;3;25;0.8742138364779874
20118041;ALGORÍTMICA Y PROGRAMACIÓN ORIENTADA A OBJETOS;O;4;26;0.7654320987654321
20118042;MARKETING;O;2;26;0.976
20118043;CONTABILIDAD GENERAL;O;3;26;0.9482758620689655
20118044;PROCESOS DE NEGOCIOS;O;3;26;0.8235294117647058
20118045;METODOS NUMERICOS;O;3;26;0.9154929577464789
20118046;PROBABILIDADES Y MUESTERO;O;3;26;0.84
20118047;FISICA ELECTRONICA Y SISTEMAS DIGITALES;O;3;26;0.8615384615384616
20118051;BASE DE DATOS;O;4;27;0.7408406162211733
20118052;DISEÑO Y ANALISIS DE ALGORITMOS;O;3;27;0.7408406162211733
20118053;ESTRUCTURA DE DATOS;O;3;27;0.7408406162211733
20118054;ANALISIS DE SISTEMAS DE INFORMACIÓN;O;3;27;0.7408406162211733
20118055;MODELOS Y SIMULACIÓN;O;3;27;0.7408406162211733
20118056;ARQUITECTURA DE COMPUTADORAS;O;3;27;0.7408406162211733
20118057;LENGUAJES Y COMPILADORES;O;3;27;0.7408406162211733
20118061;BIG DATA;O;3;28;0.7408406162211733
20118062;COMPUTACIÓN VISUAL;O;3;28;0.7408406162211733
20118063;FINANZAS PARA LA GESTIÓN;O;3;28;0.7408406162211733
20118064;DISEÑO DE SISTEMAS DE INFORMACIÓN;O;3;28;0.7408406162211733
20118065;INVESTIGACIÓN OPERATIVA;O;3;28;0.7408406162211733
20118066;REDES, TRANSMISIÓN Y AUTOMATIZACIÓN Y CONTROL;O;4;28;0.7408406162211733
20118067;SISTEMAS OPERATIVOS;O;3;28;0.7408406162211733
20118071;INTERACCIÓN HOMBRE COMPUTADOR;O;3;29;0.7408406162211733
20118072;INTELIGENCIA DE NEGOCIOS;O;3;29;0.7408406162211733
20118073;DESARROLLO DE SISTEMAS WEB;O;3;29;0.7408406162211733
20118074;FORMULACIÓN Y EVALUACIÓN DE PROYECTOS;O;3;29;0.7408406162211733
20118075;INTELIGENCIA ARTIFICIAL;O;3;29;0.7408406162211733
20118076;INTERNET DE LAS COSAS;O;3;29;0.7408406162211733
20118077;PROGRAMACIÓN PARALELA;O;3;29;0.7408406162211733
20118081;METODOLOGIA DE LA ELABORACIÓN DE TESIS;O;3;30;0.7408406162211733
20118082;SISTEMAS DISTRIBUIDOS;O;3;30;0.7408406162211733
20118083;DESARROLLO DE SISTEMAS MÓVILES;O;3;30;0.7408406162211733
20118084;INGENIERIA DE LA INFORMACIÓN;O;4;30;0.7408406162211733
20118085;GESTIÓN DE PROYECTOS DE TECNOLOGÍAS DE LA INFORMACIÓN;O;3;30;0.7408406162211733
20118086;SISTEMAS INTELIGENTES;O;3;30;0.7408406162211733
20118087;AUDITORIA Y SEGURIDAD DE TECNOLOGÍAS DE INFORMACIÓN;O;3;30;0.7408406162211733
20118091;DESARROLLO DE PROYECTOS DE TESIS;O;2;31;0.7408406162211733
20118092;MINERIA DE DATOS;O;3;31;0.7408406162211733
20118093;TALLER DE APLICACIONES DISTRIBUIDAS;O;3;31;0.7408406162211733
20118094;INNOVACIÓN, CAMBIO ORGANIZACIONAL Y EMPRENDIMIENTO;O;4;31;0.7408406162211733
20118095;ARQUITECTURA EMPRESARIAL;O;3;31;0.7408406162211733
20118096;ETICA Y DERECHO INFORMÁTICO;O;2;31;0.7408406162211733
20118097;TENDENCIAS EN SISTEMAS DE INFORMACIÓN;O;3;31;0.7408406162211733
20118101;DESARROLLO DE PROYECTOS DE TESIS II;O;2;32;0.7408406162211733
20118102;PRACTICA PRE PROFESIONAL;O;4;32;0.7408406162211733
20118103;GESTIÓN DE CONOCIMIENTO;O;3;32;0.7408406162211733
20118104;PLANEAMIENTO DE RECURSOS EMPRESARIALES;O;3;32;0.7408406162211733
20118105;GERENCIA INFORMÁTICA;O;2;32;0.7408406162211733
2020101;INTRODUCCION A LA TEORIA GENERAL DE SISTEMAS;O;3;44;0.7408406162211733
2020102;INTRODUCCION A LA COMPUTACION E INGENIERIA DE SOFTWARE;O;4;44;0.7408406162211733
2020103;CALCULO I;O;4;44;0.7408406162211733
2020104;MATEMATICA BASICA I;O;4;44;0.7408406162211733
2020105;COMUNICACIÓN Y DINAMICA DE GRUPO;O;2;44;0.7408406162211733
2020106;IDIOMA EXTRANJERO I;O;3;44;0.7408406162211733
2020201;PROGRAMACIÓN I;O;4;45;0.7408406162211733
2020202;MATEMÁTICAS DISCRETAS;O;3;45;0.7408406162211733
2020203;CALCULO II;O;4;45;0.7408406162211733
2020204;MATEMATICA BASICA II;O;4;45;1.0
2020205;FISICA I;O;4;45;0.7408406162211733
2020206;IDIOMA EXTRANJERO II;O;3;45;0.7408406162211733
2020301;PROGRAMACIÓN II;O;4;46;1.0
2020302;SERIES Y ECUACIONES DIFERENCIALES;O;4;46;0.2857142857142857
2020303;ESTADISTICA Y PROBABILIDADES;O;4;46;0.25
2020304;FISICA II;O;4;46;0.6
2020305;ORGANIZACIÓN Y ADMINISTRACION;O;3;46;0.7408406162211733
2020306;IDIOMA EXTRANJERO III;O;3;46;0.7408406162211733
2020401;ANÁLISIS Y DISEÑO DE ALGORITMOS;O;4;47;0.5454545454545454
2020402;ESTRUCTURA DE DATOS I;O;4;47;0.3125
2020403;MÉTODOS NUMÉRICOS;O;4;47;1.0
2020404;SISTEMAS DIGITALES;O;4;47;0.7142857142857143
2020405;ECONOMIA PARA GESTION;O;3;47;1.0
2020406;IDIOMA EXTRANJERO IV;O;3;47;0.6666666666666666
2020501;BASE DE DATOS I;O;4;48;0.6
2020502;ESTRUCTURA DE DATOS II;O;4;48;0.625
2020503;ARQUITECTURA DE COMPUTADORAS;O;4;48;0.5833333333333334
2020504;MODELAMIENTO Y REQUISITOS DE SOFTWARE;O;4;48;1.0
2020505;LENGUAJES Y COMPILADORES;O;3;48;0.5454545454545454
2020506;IDIOMA EXTRANJERO V;O;3;48;0.7272727272727273
2020601;BASE DE DATOS II;O;4;49;0.6875
2020602;DISEÑO DE SOFTWARE;O;4;49;0.6666666666666666
2020603;INVESTIGACIÓN DE OPERACIONES I;O;4;49;0.42857142857142855
2020604;SISTEMAS OPERATIVOS;O;4;49;0.6470588235294118
2020605;CONTABILIDAD DE GESTIÓN;O;3;49;0.5
2020606;IDIOMA EXTRANJERO VI;O;3;49;0.9090909090909091
2020701;ARQUITECTURA DE SOFTWARE;O;4;50;0.39285714285714285
2020702;TALLER DE CONSTRUCCION DE SOFTWARE;O;4;50;0.8947368421052632
2020703;INVESTIGACION DE OPERACIONES II;O;4;50;0.125
2020704;REDES Y TRANSMISION DE DATOS;O;4;50;0.5652173913043478
2020705;GERENCIA DE PROYECTO DE SOFTWARE;O;4;50;0.6818181818181818
2020801;INTELIGENCIA ARTIFICIAL;O;4;51;0.8571428571428571
2020802;PRUEBA DE SOFTWARE;O;4;51;0.8
2020803;CALIDAD DE SOFTWARE;O;4;51;0.8125
2020804;SEGURIDAD DE REDES;O;4;51;0.7083333333333334
2020805;GESTIÓN DE TECNOLOGIAS DE LA INFORMACIÓN;O;4;51;0.8
2020901;ETICA PROFESIONAL;O;3;52;1.0
2020902;GESTIÓN DE CONFIGURACIÓN Y MANTENIMIENTO;O;4;52;0.8947368421052632
2020903;SISTEMAS INTELIGENTES;O;4;52;0.3333333333333333
2020904;PROYECTO DE TESIS I;O;6;52;0.5555555555555556
2020905;FINANZAS PARA GESTIÓN;O;4;52;0.625
2021001;INTELIGENCIA DE NEGOCIOS;O;4;53;0.4
2021002;PROYECTO DE TESIS II;O;6;53;0.574468085106383
2021003;TENDENCIAS EN GESTION EMPRESARIAL;O;3;53;0.9642857142857143
2021004;TENDENCIAS EN INGENIERIA DE SOFTWARE;O;3;53;0.8260869565217391
2021005;CREATIVIDAD Y LIDERAZGO;O;2;53;0.85
2020798;E-BUSSINES;E;3;43;0.7142857142857143
2020799;DATAWAREHOUSE;E;3;43;0.7142857142857143
2020898;PLANEAMIENTO DE RECURSOS EMPRESARIALES;E;3;43;0.8888888888888888
2020899;DISEÑO DE APLICACIONES WEB;E;3;43;0.782608695652174
2021098;ROBOTICA;E;3;43;0.7408406162211733
2021099;REDES NEURONALES;E;3;43;0.8125
20W0101;INTRODUCCIÓN A LA COMPUTACIÓN;O;4;55;0.7408406162211733
20W0102;CÁLCULO I;O;4;55;0.7408406162211733
20W0103;ESTRATEGIAS DE APRENDIZAJE E INVESTIGACIÓN;O;2;55;0.7408406162211733
20W0104;MATEMÁTICA BÁSICA I;O;4;55;0.7408406162211733
20W0105;COMUNICACIÓN Y DINÁMICA DE GRUPO;O;2;55;0.7408406162211733
20W0106;ÉTICA DE LA PROFESIÓN;O;2;55;0.7408406162211733
20W0107;TEORÍA GENERAL DE SISTEMAS;O;3;55;0.7408406162211733
20W0201;ALGORÍTMICA I;O;4;56;0.7408406162211733
20W0202;ECONOMÍA;O;2;56;0.7408406162211733
20W0203;CÁLCULO II;O;4;56;0.7408406162211733
20W0204;MATEMÁTICA BÁSICA II;O;4;56;0.7408406162211733
20W0205;FÍSICA GENERAL I;O;4;56;0.7408406162211733
20W0206;CREATIVIDAD Y LIDERAZGO;O;2;56;0.7408406162211733
20W0207;REALIDAD NACIONAL;O;2;56;0.7408406162211733
20W0301;ALGORÍTMICA II;O;4;57;0.7408406162211733
20W0302;SERIES Y ECUACIONES DIFERENCIALES;O;4;57;0.7408406162211733
20W0303;ESTADÍSTICA Y PROBABILIDADES;O;4;57;0.7408406162211733
20W0304;FÍSICA GENERAL II;O;4;57;0.7408406162211733
20W0305;MATEMÁTICAS DISCRETAS;O;3;57;0.7408406162211733
20W0401;ANÁLISIS Y DISEÑO DE ALGORITMOS;O;4;58;0.7408406162211733
20W0402;ESTRUCTURA DE DATOS I;O;4;58;0.7408406162211733
20W0403;MÉTODOS NUMÉRICOS;O;4;58;0.7408406162211733
20W0404;SISTEMAS DIGITALES;O;4;58;0.7408406162211733
20W0405;CONTABILIDAD DE GESTIÓN;O;2;58;0.7408406162211733
20W0406;ECONOMÍA PARA GESTIÓN;O;3;58;0.7408406162211733
20W0501;BASE DE DATOS I;O;4;59;0.7408406162211733
20W0502;ESTRUCTURA DE DATOS II;O;4;59;0.7408406162211733
20W0503;ARQUITECTURA DE COMPUTADORAS;O;4;59;0.7408406162211733
20W0504;INGENIERÍA DE REQUISITOS;O;4;59;0.7408406162211733
20W0505;LENGUAJES Y COMPILADORES;O;3;59;0.7408406162211733
20W0506;ORGANIZACIÓN Y ADMINISTRACIÓN;O;3;59;0.7408406162211733
20W0601;BASE DE DATOS II;O;4;60;0.7408406162211733
20W0602;DISEÑO DE SOFTWARE;O;4;60;0.7408406162211733
20W0603;INVESTIGACIÓN OPERATIVA;O;4;60;0.7408406162211733
20W0604;SISTEMAS OPERATIVOS;O;4;60;0.7408406162211733
20W0605;ARQUITECTURA DE SOFTWARE;O;4;60;0.7408406162211733
20W0701;COMPUTACIÓN GRÁFICA Y VISUAL;O;3;61;0.7408406162211733
20W0702;TALLER DE CONSTRUCCIÓN DE SOFTWARE;O;4;61;0.7408406162211733
20W0703;CALIDAD DE SOFTWARE;O;4;61;0.7408406162211733
20W0704;PATRONES DE DISEÑO;O;4;61;0.7408406162211733
20W0705;FINANZAS PARA LA GESTIÓN;O;3;61;0.7408406162211733
20W07056;FORMACIÓN DE EMPRESAS INFORMÁTICAS;O;2;61;0.9915254237288136
20W0801;REDES Y TRANSMISIÓN DE DATOS;O;4;62;0.7408406162211733
20W0802;TESTING DE SOFTWARE;O;4;62;0.7408406162211733
20W0803;GESTIÓN DE CONFIGURACIÓN Y MANTENIMIENTO;O;4;62;0.7408406162211733
20W0804;INTERACCIÓN HOMBRE - COMPUTADOR;O;4;62;0.7408406162211733
20W0805;GERENCIA DE PROYECTO DE SOFTWARE;O;4;62;0.7408406162211733
20W0806;METODOLOGÍA DE LA INVESTIGACION;O;2;62;0.7408406162211733
20W0901;PRÁCTICA PRE PORFESIONAL I;O;5;63;0.7408406162211733
20W0902;ÉTICA PROFESIONAL Y LEGISLACIÓN INFORMÁTICA;O;2;63;0.7408406162211733
20W0903;INTELIGENCIA ARTIFICIAL;O;4;63;0.7408406162211733
20W0904;PROYECTO DE TESIS I;O;6;63;0.7408406162211733
20W0905;GERENCIA DE TECNOLOGÍA DE LA INFORMACIÓN;O;4;63;0.7408406162211733
20W1001;PRÁCTICA PRE PORFESIONAL II;O;5;64;0.7408406162211733
20W1002;PROYECTO DE TESIS II;O;6;64;0.7408406162211733
20W1003;TENDENCIAS EN GESTION EMPRESARIAL;O;3;64;0.7408406162211733
20W1004;TENDENCIAS EN INGENIERÍA DE SOFTWARE;O;3;64;0.7408406162211733
20W1005;SEGURIDAD INFORMÁTICA;O;4;64;0.7408406162211733
20W0E01;DATAWAREHOUSE;E;3;54;0.7408406162211733
20W0E02;E-BUSSINES;E;3;54;0.7408406162211733
20W0E03;DISEÑO DE APLICACIONES WEB;E;3;54;0.7408406162211733
20W0E04;PLANEAMIENTO DE RECURSO EMPRESARIALES;E;3;54;0.7408406162211733
20W0E05;ORATORIA I;E;3;54;0.7408406162211733
20W0E06;ORATORIA II;E;3;54;0.7408406162211733
20W0E07;MÉTODOS FORMALES;E;3;54;0.7408406162211733
20W0E08;REDES NEURONALES;E;3;54;0.7408406162211733
20W0E09;ROBÓTICA;E;3;54;0.7408406162211733
20W0E10;SISTEMAS INTELIGENTES;E;3;54;0.7408406162211733
20W0E11;INTELIGENCIAS DE NEGOCIOS;E;3;54;0.7408406162211733
20W0E12;MODELAMIENTO Y SIMULACIÓN;E;3;54;0.7408406162211733
20W0E13;TEATRO I;E;3;54;0.7408406162211733
20W0E14;TEATRO II;E;3;54;0.7408406162211733
20W0E15;MÚSICA;E;3;54;0.7408406162211733
202W0301;ALGORÍTMICA I;O;4;67;0.6394557823129252
202W0302;ESTADÍSTICA;O;3;67;0.8512396694214877
202W0303;FISICA ELÉCTRONICA;O;3;67;0.7925925925925926
202W0304;INGENIERÍA ECONÓMICA;O;3;67;0.907563025210084
202W0305;INTRODUCCIÓN AL DESARROLLO DE SOFTWARE;O;3;67;0.8095238095238095
202W0306;MATEMÁTICA BÁSICA;O;4;67;0.72
202W0307;ORGANIZACIÓN Y ADMINISTRACIÓN;O;3;67;0.7795275590551181
202W0401;ALGORÍTMICA II;O;4;68;0.7878787878787878
202W0402;CONTABILIDAD PARA LA GESTIÓN;O;3;68;0.9518072289156626
202W0403;INNOVACIÓN, TECNOLOGÍA Y EMPRENDIMIENTO;O;3;68;0.96875
202W0404;MATEMÁTICA DISCRETA;O;3;68;0.9090909090909091
202W0405;PROBABILIDADES;O;3;68;0.8354430379746836
202W0406;PROCESOS DE SOFTWARE;O;3;68;0.8539325842696629
202W0407;SISTEMAS DIGITALES;O;3;68;0.684931506849315
202W0501;ANÁLISIS Y DISEÑO DE ALGORITMOS;O;3;69;0.7408406162211733
202W0502;ARQUITECTURA DE COMPUTADORAS;O;3;69;0.7408406162211733
202W0503;CALIDAD DE SOFTWARE;O;3;69;0.7408406162211733
202W0504;COMPUTACIÓN VISUAL;O;3;69;0.7408406162211733
202W0505;ESTRUCTURA DE DATOS;O;4;69;0.7408406162211733
202W0506;ECONOMÍA PARA LA GESTIÓN;O;3;69;0.7408406162211733
202W0507;INGENIERÍA DE REQUISITOS;O;4;69;0.7408406162211733
202W0601;ASEGURAMIENTO DE LA CALIDAD DEL SOFTWARE;O;3;70;0.7408406162211733
202W0602;BASE DE DATOS I;O;4;70;0.7408406162211733
202W0603;DISEÑO DE SOFTWARE;O;4;70;0.7408406162211733
202W0604;FORMACIÓN DE EMPRESAS DE SOFTWARE;O;3;70;0.7408406162211733
202W0605;GESTIÓN DE LA CONFIGURACIÓN DEL SOFTWARE;O;3;70;0.7408406162211733
202W0606;INTERACCIÓN HOMBRE COMPUTADOR;O;3;70;0.7408406162211733
202W0607;SISTEMAS OPERATIVOS;O;3;70;0.7408406162211733
202W0701;ARQUITECTURA DE SOFTWARE;O;4;71;0.7408406162211733
202W0702;BASE DE DATOS II;O;4;71;0.7408406162211733
202W0703;EXPERIENCIA DE USUARIO Y USABILIDAD;O;3;71;0.7408406162211733
202W0704;GESTIÓN DE PROYECTO DE SOFTWARE;O;3;71;0.7408406162211733
202W0705;INTELIGENCIA ARTIFICIAL;O;3;71;0.7408406162211733
202W0706;MÉTODOS FORMALES PARA PRUEBAS;O;3;71;0.7408406162211733
202W0707;REDES Y TRANSMISIÓN DE DATOS;O;3;71;0.7408406162211733
202W0801;AUTOMATIZACIÓN Y CONTROL DE SOFTWARE;O;3;72;0.7408406162211733
202W0802;INTELIGENCIA DE NEGOCIOS;O;3;72;0.7408406162211733
202W0803;METODOLOGÍA DE LA INVESTIGACIÓN;O;2;72;0.7408406162211733
202W0804;MINERÍA DE DATOS;O;3;72;0.7408406162211733
202W0805;PROGRAMACIÓN CONCURRENTE Y PARALELA;O;3;72;0.7408406162211733
202W0806;SEGURIDAD DEL SOFTWARE;O;3;72;0.7408406162211733
202W0807;TALLER DE CONSTRUCCIÓN DE SOFTWARE WEB;O;3;72;0.7408406162211733
202W0808;VERIFICACIÓN Y VALIDACIÓN DE SOFTWARE;O;3;72;0.7408406162211733
202W0901;DESARROLLO DE TESIS I;O;2;73;0.7408406162211733
202W0902;GARANTÍA DE SOFTWARE;O;3;73;0.7408406162211733
202W0903;GERENCIA DE TECNOLOGÍA DE LA INFORMACIÓN;O;3;73;0.7408406162211733
202W0904;GESTIÓN DE MANTENIMIENTO DEL SOFTWARE;O;3;73;0.7408406162211733
202W0905;GESTIÓN DE RIESGO DEL SOFTWARE;O;3;73;0.7408406162211733
202W0906;INTERNET DE LAS COSAS;O;3;73;0.7408406162211733
202W0907;TALLER DE CONSTRUCCIÓN DE SOFTWARE MÓVIL;O;3;73;0.7408406162211733
202W0908;SOFTWARE INTELIGENTE;O;3;73;0.7408406162211733
202W1001;ANALÍTICA DE DATOS;O;3;74;0.7408406162211733
202W1002;DESARROLLO DE TESIS II;O;2;74;0.7408406162211733
202W1003;PRÁCTICA PRE PROFESIONAL;O;4;74;0.7408406162211733
202W1004;TALLER DE APLICACIONES SOCIALES;O;3;74;0.7408406162211733
202W1005;TENDENCIAS DE ARQUITECTURA DE SOFTWARE;O;3;74;0.7408406162211733
202W1006;TENDENCIAS EN INGENIERÍA DE SOFTWARE Y GESTIÓN;O;3;74;0.7408406162211733
INO108;PROGRAMACIÓN Y COMPUTACIÓN;O;2;33;0.7408406162211733
INO208;EMPRENDIMIENTO E INNOVACIÓN;O;2;34;0.7408406162211733
201230301;INTRODUCCIÓN A LA COMPUTACIÓN;O;4;35;0.7408406162211733
201230302;SERIES Y ECUACIONES DIFERENCIALES;O;4;35;0.7408406162211733
201230303;ELECTROMAGNETISMO Y ÓPTICA;O;4;35;0.7408406162211733
201230304;PROGRAMACIÓN DE COMPUTADORAS I;O;4;35;0.7408406162211733
201230305;FUNDAMENTOS DE SISTEMAS DE INFORMACIÓN;O;2;35;0.7408406162211733
201230306;MATEMÁTICAS DISCRETAS;O;4;35;0.7408406162211733
201230401;ORGANIZACIÓN EMPRESARIAL;O;4;36;0.7408406162211733
201230402;PROGRAMACIÓN DE COMPUTADORAS II;O;4;36;0.7408406162211733
201230403;MÉTODOS NUMÉRICOS;O;3;36;0.7408406162211733
201230404;ARQUITECTURA DE COMPUTADORAS;O;4;36;0.7408406162211733
201230405;ESTADÍSTICA I;O;4;36;0.7408406162211733
201230406;INGENIERÍA ECONÓMICA;O;3;36;0.7408406162211733
201230501;ANÁLISIS DE SISTEMAS DE INFORMACIÓN;O;4;37;0.7408406162211733
201230502;DISEÑO DE BASE DE DATOS;O;4;37;0.7408406162211733
201230503;ESTRUCTURA DE DATOS;O;4;37;0.7408406162211733
201230504;ESTADÍSTICA II;O;4;37;0.7408406162211733
201230505;SISTEMAS OPERATIVOS;O;4;37;0.7408406162211733
201230506;INVESTIGACIÓN OPERATIVA;O;4;37;0.7408406162211733
201230601;DISEÑO DE SISTEMAS DE INFORMACIÓN;O;4;38;0.7408406162211733
201230602;ADMINISTRACIÓN DE BASE DE DATOS;O;4;38;0.7408406162211733
201230603;REDES Y COMUNICACIONES;O;4;38;0.7408406162211733
201230604;DISEÑO DE INTERFASES DE USUARIO;O;3;38;0.7408406162211733
201230605;MODELOS Y SIMULACIÓN;O;3;38;0.7408406162211733
201230606;FINANZAS PARA LA GESTIÓN;O;3;38;0.7408406162211733
201230701;INTERACCIÓN HUMANO COMPUTADOR;O;3;39;0.7408406162211733
201230702;DESARROLLO DE APLICACIONES WEB;O;3;39;0.7408406162211733
201230703;INTELIGENCIA ARTIFICIAL;O;4;39;0.7408406162211733
201230704;INTELIGENCIA DE NEGOCIOS;O;3;39;0.7408406162211733
201230705;GESTIÓN DE DATOS MASIVOS;O;4;39;0.7408406162211733
201230706;INTERNET DE LAS COSAS;O;3;39;0.7408406162211733
201230801;COMPUTACIÓN VISUAL;O;3;40;0.7408406162211733
201230802;DESARROLLO DE APLICACIONES MÓVILES;O;3;40;0.7408406162211733
201230803;SISTEMAS DISTRIBUIDOS;O;4;40;0.7408406162211733
201230804;SISTEMAS INTELIGENTES;O;4;40;0.7408406162211733
201230805;GESTIÓN DE PROYECTOS DE TI;O;3;40;0.7408406162211733
201230806;METODOLOGÍA DE LA INVESTIGACIÓN;O;3;40;0.7408406162211733
201230901;ARQUITECTURA EMPRESARIAL;O;3;41;0.7408406162211733
201230902;GESTIÓN DE PROCESOS DE NEGOCIO;O;3;41;0.7408406162211733
201230903;MINERÍA DE DATOS;O;3;41;0.7408406162211733
201230904;AUDITORÍA DE SISTEMAS;O;3;41;0.7408406162211733
201230905;SEGURIDAD DE LA INFORMACIÓN;O;3;41;0.7408406162211733
201230906;PROYECTO DE TESIS I;O;3;41;0.7408406162211733
201231001;GESTIÓN DE TECNOLOGIAS DE INFORMACION;O;3;42;0.7408406162211733
201231002;ARQUITECTURA DE SERVICIOS;O;3;42;0.7408406162211733
201231003;TENDENCIAS EN SISTEMAS DE INFORMACIÓN;O;3;42;0.7408406162211733
201231004;PROYECTO DE FIN DE CARRERA;O;3;42;0.7408406162211733
201231005;ÉTICA PROFESIONAL Y EMPRENDIMIENTO;O;3;42;0.7408406162211733
201231006;PROYECTO DE TESIS II;O;3;42;0.7408406162211733
202SW0101;REDACCIÓN Y TÉCNICAS DE COMUNICACIÓN EFECTIVA I;O;3;75;0.7408406162211733
202SW0102;MÉTODOS DE ESTUDIOS UNIVERSITARIOS;O;2;75;0.7408406162211733
202SW0103;DESARROLLO PERSONAL Y LIDERAZGO;O;2;75;0.7408406162211733
202SW0104;CÁLCULO I;O;4;75;0.7408406162211733
202SW0105;BIOLOGÍA PARA CIENCIAS E INGENIERÌA;O;4;75;0.7408406162211733
202SW0106;ALGEBRA Y GEOMETRÍA ANALÍTICA I;O;4;75;0.7408406162211733
202SW0107;MEDIO AMBIENTE Y DESARROLLO SOSTENIBLE;O;3;75;0.7408406162211733
202SW0E01;PROGRAMACIÓN Y COMPUTACIÓN;E;2;75;0.7408406162211733
"202SW0
E02";EMPRENDIMIENTO E INNOVACIÓN;E;2;75;0.7408406162211733
202SW0E03;FUNDAMENTOS DE RIESGOS DE DESASTRES Y CAMBIO CLIMÁTICO;E;2;75;0.7408406162211733
202SW0E04;TALLER DE MÚSICA;E;2;75;0.7408406162211733
202SW0E05;TALLER DE DANZA;E;2;75;0.7408406162211733
202SW0E08;INGLES BASICO;E;2;75;0.7408406162211733
202SW0E09;SEGURIDAD E HIGIENE OCUPACIONAL;E;2;75;0.7408406162211733
202SW0201;REDACCIÓN Y TÉCNICAS DE COMUNICACIÓN EFECTIVA II;O;3;76;0.7408406162211733
202SW0202;INVESTIGACIÓN FORMATIVA;O;3;76;0.7408406162211733
202SW0203;REALIDAD NACIONAL Y MUNDIAL;O;2;76;0.7408406162211733
202SW0204;CÁLCULO II;O;4;76;0.7408406162211733
202SW0205;FÍSICA I;O;4;76;0.7408406162211733
202SW0206;QUÍMICA GENERAL;O;4;76;0.7408406162211733
202SW0207;INTRODUCCIÓN A LAS CIENCIAS E INGENIERÍA;O;2;76;0.7408406162211733
202SW0301;ALGORÍTMICA I;O;4;77;0.7408406162211733
202SW0302;ESTADÍSTICA Y PROBABILIDADES;O;4;77;0.7408406162211733
202SW0303;FISICA ELÉCTRÓNICA;O;3;77;0.7408406162211733
202SW0304;INGENIERÍA ECONÓMICA;O;3;77;0.7408406162211733
202SW0305;INTRODUCCIÓN AL DESARROLLO DE SOFTWARE;O;3;77;0.7408406162211733
202SW0306;MATEMÁTICA BÁSICA;O;4;77;0.7408406162211733
202SW0401;ALGORÍTMICA II;O;4;78;0.7408406162211733
202SW0402;CONTABILIDAD PARA LA GESTIÓN;O;3;78;0.7408406162211733
202SW0403;ORGANIZACIÓN Y ADMINISTRACIÓN;O;3;78;0.7408406162211733
202SW0404;MATEMÁTICA DISCRETA;O;3;78;0.7408406162211733
202SW0405;ESTRUCTURA DE DATOS;O;4;78;0.7408406162211733
202SW0406;PROCESOS DE SOFTWARE;O;3;78;0.7408406162211733
202SW0407;SISTEMAS DIGITALES;O;3;78;0.7408406162211733
202SW0501;ANÁLISIS Y DISEÑO DE ALGORITMOS;O;3;79;0.7408406162211733
202SW0502;ARQUITECTURA DE COMPUTADORAS;O;3;79;0.7408406162211733
202SW0503;BASE DE DATOS I;O;4;79;0.7408406162211733
202SW0504;COMPUTACIÓN VISUAL;O;3;79;0.7408406162211733
202SW0505;ECONOMÍA PARA LA GESTIÓN;O;3;79;0.7408406162211733
202SW0506;INGENIERÍA DE REQUISITOS;O;4;79;0.7408406162211733
202SW0507;LENGUAJES Y COMPILADORES;O;4;79;0.7408406162211733
202SW0601;BASE DE DATOS II;O;4;80;0.7408406162211733
202SW0602;CALIDAD DE SOFTWARE;O;3;80;0.7408406162211733
202SW0603;DISEÑO DE SOFTWARE;O;4;80;0.7408406162211733
202SW0604;ETICA PROFESIONAL Y LEGISLACIÓN INFORMÁTICA;O;3;80;0.7408406162211733
202SW0605;GESTIÓN DE PROYECTO DE SOFTWARE;O;3;80;0.7408406162211733
202SW0606;INTERACCIÓN HOMBRE COMPUTADOR;O;3;80;0.7408406162211733
202SW0607;SISTEMAS OPERATIVOS;O;3;80;0.7408406162211733
202SW0701;ARQUITECTURA DE SOFTWARE;O;4;81;0.7408406162211733
202SW0702;EXPERIENCIA DE USUARIO Y USABILIDAD;O;3;81;0.7408406162211733
202SW0703;GESTIÓN DE LA CONFIGURACIÓN Y MANTENIMIENTO DEL SOFTWARE;O;4;81;0.7408406162211733
202SW0704;FORMACIÓN DE EMPRESAS DE SOFTWARE;O;3;81;0.7408406162211733
202SW0705;INTELIGENCIA ARTIFICIAL;O;3;81;0.7408406162211733
202SW0706;PRUEBAS DE SOFTWARE;O;4;81;0.7408406162211733
202SW0707;REDES Y TRANSMISIÓN DE DATOS;O;3;81;0.7408406162211733
202SW0801;AUTOMATIZACIÓN Y CONTROL DE SOFTWARE;O;3;82;0.7408406162211733
202SW0802;INTELIGENCIA DE NEGOCIOS;O;3;82;0.7408406162211733
202SW0803;METODOLOGÍA DE LA INVESTIGACIÓN;O;3;82;0.7408406162211733
202SW0804;MINERÍA DE DATOS;O;3;82;0.7408406162211733
202SW0805;PROGRAMACIÓN CONCURRENTE Y PARALELA;O;3;82;0.7408406162211733
202SW0806;TALLER DE CONSTRUCCIÓN DE SOFTWARE WEB;O;3;82;0.7408406162211733
202SW0807;ASEGURAMIENTO DE LA CALIDAD DEL SOFTWARE;O;3;82;0.7408406162211733
202SW0901;DESARROLLO DE TESIS I;O;4;83;0.7408406162211733
202SW0902;GESTIÓN DE RIESGO DEL SOFTWARE;O;3;83;0.7408406162211733
202SW0903;GERENCIA DE TECNOLOGÍA DE LA INFORMACIÓN;O;3;83;0.7408406162211733
202SW0904;SEGURIDAD DEL SOFTWARE;O;3;83;0.7408406162211733
202SW0905;INTERNET DE LAS COSAS;O;3;83;0.7408406162211733
202SW0906;TALLER DE CONSTRUCCIÓN DE SOFTWARE MÓVIL;O;3;83;0.7408406162211733
202SW0907;SOFTWARE INTELIGENTE;O;3;83;0.7408406162211733
202SW1001;ANALÍTICA DE DATOS;O;3;84;0.7408406162211733
202SW1002;DESARROLLO DE TESIS II;O;4;84;0.7408406162211733
202SW1003;PRÁCTICA PRE PROFESIONAL;O;4;84;0.7408406162211733
202SW1004;TALLER DE APLICACIONES SOCIALES;O;3;84;0.7408406162211733
202SW1005;INNOVACIÓN, TECNOLOGÍA Y EMPRENDIMIENTO;O;3;84;0.7408406162211733
202SW1006;TENDENCIAS EN INGENIERÍA DE SOFTWARE;O;3;84;0.7408406162211733
203230301;INTRODUCCIÓN A LA CIENCIA DE LA COMPUTACIÓN;O;4;87;0.7408406162211733
203230302;PROGRAMACIÓN DE COMPUTADORAS I;O;4;87;0.7408406162211733
203230303;DESARROLLO BASADO EN PLATAFORMAS;O;3;87;0.7408406162211733
203230304;ESTRUCTURAS DISCRETAS;O;4;87;0.7408406162211733
203230305;SERIES Y ECUACIONES DIFERENCIALES;O;3;87;0.7408406162211733
203230306;INGENIERÍA ECONÓMICA;O;3;87;0.7408406162211733
203230307;ÓPTICA Y ELECTRO-MAGNETISMO;O;3;87;0.7408406162211733
203230401;ALGORITMOS Y ESTRUCTURAS DE DATOS;O;4;88;0.7408406162211733
203230402;TEORÍA DE LA COMPUTACIÓN;O;4;88;0.7408406162211733
203230403;BASE DE DATOS I;O;3;88;0.7408406162211733
203230404;ARQUITECTURA DE COMPUTADORES;O;3;88;0.7408406162211733
203230405;ESTADÍSTICA Y PROBABILIDADES;O;3;88;0.7408406162211733
203230406;ANÁLISIS NUMÉRICO;O;3;88;0.7408406162211733
203230501;ANÁLISIS Y DISEÑO DE ALGORITMOS;O;4;89;0.7408406162211733
203230502;BASE DE DATOS II;O;3;89;0.7408406162211733
203230503;INGENIERÍA DE SOFTWARE I;O;3;89;0.7408406162211733
203230504;SISTEMAS OPERATIVOS;O;4;89;0.7408406162211733
203230505;PROGRAMACIÓN DE COMPUTADORAS II;O;4;89;0.7408406162211733
203C0506;INVESTIGACIÓN OPERATIVA;O;4;89;0.7408406162211733
203230601;INGENIERÍA DE SOFTWARE II;O;4;90;0.7408406162211733
203230602;REDES Y COMUNICACIONES;O;3;90;0.7408406162211733
203230603;ESTRUCTURA DE DATOS AVANZADO;O;3;90;0.7408406162211733
203230604;TÓPICOS DE SISTEMAS OPERATIVOS AVANZADOS;O;3;90;0.7408406162211733
203230605;LENGUAJES Y COMPILADORES I;O;4;90;0.7408406162211733
203230606;MODELOS Y SIMULACIÓN;O;3;90;0.7408406162211733
203230607;PROCESOS ESTOCÁSTICOS;O;3;90;0.7408406162211733
203230701;INTERACCIÓN HUMANO COMPUTADOR;O;4;91;0.7408406162211733
203230702;LENGUAJES Y COMPILADORES II;O;3;91;0.7408406162211733
203230703;COMPUTACIÓN PARALELA Y DISTRIBUIDA;O;3;91;0.7408406162211733
203230704;COMPUTACIÓN GRAFICA;O;4;91;0.7408406162211733
203230705;HEURÍSTICAS Y META HEURÍSTICAS;O;4;91;0.7408406162211733
203230706;INVESTIGACIÓN E INNOVACIÓN;O;3;91;0.7408406162211733
203230801;SEGURIDAD EN COMPUTACIÓN;O;3;92;0.7408406162211733
203230802;TÓPICOS EN CIENCIA DE DATOS;O;4;92;0.7408406162211733
203230803;INTELIGENCIA ARTIFICIAL;O;4;92;0.7408406162211733
203230804;ARTE Y TECNOLOGÍA;O;2;92;0.7408406162211733
203230805;PROYECTO FINAL DE CARRERA I;O;4;92;0.7408406162211733
203230806;COMPUTACIÓN VERDE;O;2;92;0.7408406162211733
203230901;TÓPICOS EN INTELIGENCIA ARTIFICIAL;O;4;93;0.7408406162211733
203230902;PRACTICA PREPROFESIONAL I;O;1;93;0.7408406162211733
203230903;TÓPICOS EN COMPUTACIÓN GRAFICA;O;4;93;0.7408406162211733
203230904;PROYECTO FINAL DE CARRERA II;O;4;93;0.7408406162211733
203231001;PRACTICA PREPROFESIONAL II;O;1;94;0.7408406162211733
203231002;TECNOLOGÍA BASADA EN INTERNET;O;4;94;0.7408406162211733
203231003;BIOINFORMÁTICA Y BIOESTADÍSTICA;O;4;94;0.7408406162211733
203C1004;PROYECTO FINAL DE CARRERA III;O;4;94;0.7408406162211733
